,AA_change,Activity,Expression,PMExpression,AAnumber
0,Ser82Ala,100.409953989893,,,Ser82
1,Ser102Ala,103.619861414367,,,Ser102
2,Ser107Ala,110.037882048418,,,Ser107
3,Ser107Asp,115.8,,,Ser107
4,Pro169Ala,95.8,,,Pro169
5,Glu170Ala,29.6,,,Glu170
6,Gly171Ala,65.6,,,Gly171
7,Gly172Ala,78.8,,,Gly172
8,Phe173Ala,91.4,,,Phe173
9,Gly174Ala,86.8,,,Gly174
10,Trp175Ala,15.6,,,Trp175
11,Val176Ala,86.9,,,Val176
12,Val177Ala,90.1,,,Val177
13,Val178Ala,88.8,,,Val178
14,Phe179Ala,83.8,,,Phe179
15,Thr182Ala,117.2,,,Thr182
16,Trp183Ala,86.7,,,Trp183
17,Cys184Ala,92.3,,,Cys184
18,Asn185Ala,95.9,,,Asn185
19,Gly186Ala,51.4,,,Gly186
20,Ser187Ala,92.3,,,Ser187
21,Ile188Ala,29.6,,,Ile188
22,Ile188Leu,94.0,,,Ile188
23,Ile188Asn,-0.4,35.6,14.4,Ile188
24,Phe189Ala,73.7,,,Phe189
25,Gly190Ala,101.3,,,Gly190
26,Ile191Ala,48.3,,,Ile191
27,His192Ala,58.5,,,His192
28,His192Pro,3.7,50.7,31.5,His192
29,His192Phe,79.1,,,His192
30,His192Gln,82.7,,,His192
31,His192Arg,0.5,62.3,36.4,His192
32,Asn193Ala,18.0,,,Asn193
33,Asn193Ile,4.9,,,Asn193
34,Ser194Ala,77.9,,,Ser194
35,Ser194Phe,7.6,72.8,35.6,Ser194
36,Val195Ala,93.8,,,Val195
37,Gly196Ala,41.8,,,Gly196
38,Gly196Val,-0.4,105.3,61.7,Gly196
39,Gly196Glu,-2.3,79.8,32.1,Gly196
40,Ile197Ala,49.1,,,Ile197
41,Leu198Ala,9.2,,,Leu198
42,Tyr199Ala,16.3,,,Tyr199
43,Ser200Ala,90.7,,,Ser200
44,Met201Ala,76.8,,,Met201
45,Leu202Ala,64.7,,,Leu202
46,Leu203Ala,58.5,,,Leu203
47,Leu203Pro,4.0,72.5,31.8,Leu203
48,Leu203Ile,82.6,,,Leu203
49,Glu204Ala,92.6,,,Glu204
50,Glu205Ala,91.6,,,Glu205
51,Glu206Ala,91.6,,,Glu206
52,Lys207Ala,98.1,,,Lys207
53,Glu208Ala,98.1,,,Glu208
54,Lys209Ala,95.4,,,Lys209
55,Asn210Ala,95.4,,,Asn210
56,Arg211Ala,105.7,,,Arg211
57,Gln212Ala,105.7,,,Gln212
58,Gln212Glu,112.1,,,Gln212
59,Val213Ala,105.7,,,Val213
60,Glu214Ala,82.1,,,Glu214
61,Phe215Ala,82.1,,,Phe215
62,Gln216Ala,82.1,,,Gln216
63,Trp219Ala,84.3,,,Trp219
64,Val220Ala,83.7,,,Val220
65,Gly221Ala,88.5,,,Gly221
66,Gly221Arg,0.8,50.5,96.5,Gly221
67,Leu223Ala,77.8,,,Leu223
68,Ala224Val,2.7,82.4,75.3,Ala224
69,Ala224Thr,9.6,82.8,66.8,Ala224
70,Ala224Ser,94.8,,,Ala224
71,Ala224Glu,4.5,76.2,35.6,Ala224
72,Met225Ala,51.4,,,Met225
73,Gly226Ala,61.3,,,Gly226
74,Met227Ala,97.8,,,Met227
75,Met227Arg,-0.5,46.2,19.3,Met227
76,Ile228Ala,86.9,,,Ile228
77,Phe229Ala,62.8,,,Phe229
78,Phe230Ala,85.5,,,Phe230
79,Cys231Ala,76.4,,,Cys231
80,Ser232Ala,105.5,,,Ser232
81,Ser232Phe,0.9,81.0,65.1,Ser232
82,Pro233Ala,24.7,,,Pro233
83,Ile234Ala,98.9,,,Ile234
84,Val235Ala,107.5,,,Val235
85,Val235Met,3.0,72.3,35.2,Val235
86,Val235Ile,50.7,,,Val235
87,Ser236Ala,108.9,,,Ser236
88,Ile237Ala,104.6,,,Ile237
89,Phe238Ala,96.7,,,Phe238
90,Thr239Ala,97.3,,,Thr239
91,Thr239Pro,9.9,44.1,18.0,Thr239
92,Asp240Ala,88.7,,,Asp240
93,Arg241Ala,85.2,,,Arg241
94,Leu242Ala,89.3,,,Leu242
95,Gly243Ala,35.7,,,Gly243
96,Arg245Ala,103.4,,,Arg245
97,Ile246Ala,96.1,,,Ile246
98,Thr247Ala,81.2,,,Thr247
99,Thr249Ala,110.4,,,Thr249
100,Gly251Ala,13.1,,,Gly251
101,Gly251Glu,0.2,46.9,53.9,Gly251
102,Ala252Ser,99.6,,,Ala252
103,Ala252Pro,4.9,71.5,45.5,Ala252
104,Val254Ala,99.1,,,Val254
105,Phe256Ala,100.2,,,Phe256
106,Ile257Ala,98.7,,,Ile257
107,Gly258Ala,93.3,,,Gly258
108,Leu259Ala,64.0,,,Leu259
109,His260Ala,100.7,,,His260
110,Thr261Ala,96.2,,,Thr261
111,Ser262Ala,96.5,,,Ser262
112,Ser263Ala,103.0,,,Ser263
113,Phe264Ala,92.6,,,Phe264
114,Thr265Ala,99.6,,,Thr265
115,Ser266Ala,99.6,,,Ser266
116,Ser267Ala,99.6,,,Ser267
117,Leu268Ala,58.2,,,Leu268
118,Ser269Ala,58.2,,,Ser269
119,Leu270Ala,102.7,,,Leu270
120,Arg271Ala,43.4,,,Arg271
121,Arg271Ser,36.0,86.3,84.7,Arg271
122,Arg271Lys,103.2,,,Arg271
123,Arg271Leu,107.8,,,Arg271
124,Arg271His,11.4,74.8,90.6,Arg271
125,Tyr272Ala,75.8,,,Tyr272
126,Phe273Ala,99.6,,,Phe273
127,Thr274Ala,87.2,,,Thr274
128,Tyr275Ala,59.6,,,Tyr275
129,Gly276Ala,77.8,,,Gly276
130,Gly276Arg,1.6,48.2,39.3,Gly276
131,Ile277Ala,85.1,,,Ile277
132,Leu278Ala,93.4,,,Leu278
133,Phe279Ala,26.3,,,Phe279
134,Gly280Ala,31.7,,,Gly280
135,Cys281Ala,107.3,,,Cys281
136,Gly282Ala,69.4,,,Gly282
137,Gly282Cys,5.9,,20.0,Gly282
138,Gly282Asp,-1.1,,13.9,Gly282
139,Cys283Ala,75.0,,,Cys283
140,Cys283Tyr,-0.9,53.8,40.4,Cys283
141,Ser284Ala,96.9,,,Ser284
142,Phe285Ala,101.7,,,Phe285
143,Ala286Thr,107.3,,,Ala286
144,Ala286Ser,112.0,,,Ala286
145,Phe287Ala,33.1,,,Phe287
146,Gln288Ala,57.8,,,Gln288
147,Pro289Ala,69.8,,,Pro289
148,Pro289Leu,0.4,40.3,24.8,Pro289
149,Ser290Ala,98.0,,,Ser290
150,Ser290Phe,9.9,37.5,24.6,Ser290
151,Leu291Ala,43.5,,,Leu291
152,Leu291Ile,107.5,,,Leu291
153,Leu291Arg,7.3,87.6,90.4,Leu291
154,Val292Ala,72.0,,,Val292
155,Ile293Ala,75.1,,,Ile293
156,Leu294Ala,61.5,,,Leu294
157,Gly295Ala,85.8,,,Gly295
158,Gly295Ser,62.8,144.8,101.2,Gly295
159,Gly295Arg,55.0,93.6,90.7,Gly295
160,His296Ala,88.2,,,His296
161,Tyr297Ala,3.8,,,Tyr297
162,Tyr297Phe,88.9,,,Tyr297
163,Phe298Ala,1.9,,,Phe298
164,Phe298Tyr,108.6,,,Phe298
165,Phe298Leu,1.0,28.1,27.1,Phe298
166,Gln299Ala,81.4,,,Gln299
167,Arg300Ala,92.4,,,Arg300
168,Arg300Lys,90.3,,,Arg300
169,Arg301Ala,28.1,,,Arg301
170,Arg301Lys,80.5,,,Arg301
171,Leu302Ala,74.4,,,Leu302
172,Gly303Ala,23.0,,,Gly303
173,Gly303Ser,34.8,82.3,77.4,Gly303
174,Leu304Ala,4.2,,,Leu304
175,Leu304Pro,0.9,36.9,26.9,Leu304
176,Leu304Ile,80.5,,,Leu304
177,Asn306Ala,97.7,,,Asn306
178,Asn306Phe,93.7,,,Asn306
179,Gly307Ala,58.5,,,Gly307
180,Gly307Cys,13.2,72.7,55.2,Gly307
181,Val308Ala,95.4,,,Val308
182,Val309Ala,62.5,,,Val309
183,Ser310Ala,99.5,,,Ser310
184,Gly312Ala,86.0,,,Gly312
185,Gly312Arg,0.2,34.8,32.4,Gly312
186,Ser313Ala,98.7,,,Ser313
187,Ser313Arg,3.1,54.6,51.5,Ser313
188,Ser314Ala,95.2,,,Ser314
189,Ile315Ala,80.0,,,Ile315
190,Phe316Ala,59.1,,,Phe316
191,Ser317Ala,77.7,,,Ser317
192,Met318Ala,78.9,,,Met318
193,Ser319Ala,98.3,,,Ser319
194,Phe320Ala,59.0,,,Phe320
195,Pro321Ala,81.1,,,Pro321
196,Pro321Leu,5.5,79.0,69.4,Pro321
197,Phe322Ala,75.2,,,Phe322
198,Leu323Ala,76.5,,,Leu323
199,Ile324Ala,61.7,,,Ile324
200,Arg325Ala,91.9,,,Arg325
201,Met326Ala,94.9,,,Met326
202,Leu327Ala,92.3,,,Leu327
203,Gly328Ala,89.7,,,Gly328
204,Asp329Ala,73.5,,,Asp329
205,Lys330Ala,73.5,,,Lys330
206,Ile331Ala,73.5,,,Ile331
207,Lys332Ala,73.5,,,Lys332
208,Leu333Ala,87.7,,,Leu333
209,Gln335Ala,86.0,,,Gln335
210,Thr336Ala,86.0,,,Thr336
211,Phe337Ala,77.0,,,Phe337
212,Gln338Ala,96.1,,,Gln338
213,Val339Ala,84.7,,,Val339
214,Leu340Ala,51.8,,,Leu340
215,Ser341Ala,97.9,,,Ser341
216,Thr342Ala,95.0,,,Thr342
217,Phe343Ala,87.7,,,Phe343
218,Met344Ala,86.2,,,Met344
219,Phe345Ala,112.0,,,Phe345
220,Val346Ala,108.3,,,Val346
221,Val346Ile,111.6,88.0,89.7,Val346
222,Leu347Ala,92.3,,,Leu347
223,Met348Ala,108.3,,,Met348
224,Leu349Ala,116.3,,,Leu349
225,Leu349Arg,-1.6,30.3,17.1,Leu349
226,Leu350Ala,98.7,,,Leu350
227,Ser351Ala,101.2,,,Ser351
228,Leu352Ala,107.0,,,Leu352
229,Thr353Ala,105.7,,,Thr353
230,Tyr354Ala,7.5,,,Tyr354
231,Tyr354Phe,99.1,,,Tyr354
232,Tyr354Cys,-0.4,22.6,27.8,Tyr354
233,Arg355Ala,73.1,,,Arg355
234,Pro356Ala,73.1,,,Pro356
235,Leu357Ala,73.1,,,Leu357
236,Leu357Arg,102.0,,,Leu357
237,Leu358Ala,73.1,,,Leu358
238,Pro359Ala,104.9,,,Pro359
239,Ser360Ala,113.5,,,Ser360
240,Ser360Asp,106.4,,,Ser360
241,Ser361Ala,104.9,,,Ser361
242,Gln362Ala,104.9,,,Gln362
243,Asp363Ala,97.0,,,Asp363
244,Thr364Ala,97.0,,,Thr364
245,Pro365Ala,97.0,,,Pro365
246,Ser366Ala,108.3,,,Ser366
247,Ser366Asp,109.4,,,Ser366
248,Lys367Ala,83.3,,,Lys367
249,Arg368Ala,102.5,,,Arg368
250,Gly369Ala,102.5,,,Gly369
251,Val370Ala,102.5,,,Val370
252,Arg371Ala,102.5,,,Arg371
253,Arg376Ala,82.2,,,Arg376
254,Phe377Ala,82.2,,,Phe377
255,Leu378Ala,82.2,,,Leu378
256,Gln380Ala,87.6,,,Gln380
257,Leu381Ala,87.6,,,Leu381
258,Arg382Ala,87.6,,,Arg382
259,Lys383Ala,100.5,,,Lys383
260,Tyr384Ala,90.2,,,Tyr384
261,Phe385Ala,90.2,,,Phe385
262,Asn386Ala,90.2,,,Asn386
263,Met387Ala,107.8,,,Met387
264,Arg388Ala,98.7,,,Arg388
265,Arg388Gln,102.6,,,Arg388
266,Val389Ala,115.3,,,Val389
267,Phe390Ala,101.1,,,Phe390
268,Arg391Ala,106.2,,,Arg391
269,Gln392Ala,108.8,,,Gln392
270,Arg393Ala,100.3,,,Arg393
271,Thr394Ala,99.8,,,Thr394
272,Tyr395Ala,75.8,,,Tyr395
273,Arg396Ala,88.5,,,Arg396
274,Ile397Ala,95.4,,,Ile397
275,Trp398Ala,88.0,,,Trp398
276,Trp398Arg,0.7,38.9,23.0,Trp398
277,Phe400Ala,98.9,,,Phe400
278,Gly401Ala,93.9,,,Gly401
279,Gly401Glu,25.0,46.6,23.6,Gly401
280,Gly401Arg,2.5,43.3,,Gly401
281,Ile402Ala,72.3,,,Ile402
282,Leu407Ala,88.5,,,Leu407
283,Gly408Ala,82.2,,,Gly408
284,Tyr409Ala,59.3,,,Tyr409
285,Phe410Ala,64.7,,,Phe410
286,Val411Ala,82.7,,,Val411
287,Pro412Ala,77.9,,,Pro412
288,Tyr413Ala,65.4,,,Tyr413
289,Val414Ala,42.9,,,Val414
290,His415Ala,62.3,,,His415
291,Leu416Ala,40.1,,,Leu416
292,Met417Ala,83.1,,,Met417
293,Lys418Ala,83.1,,,Lys418
294,Tyr419Ala,100.4,,,Tyr419
295,Val420Ala,119.8,,,Val420
296,Glu421Ala,121.2,,,Glu421
297,Glu422Ala,101.6,,,Glu422
298,Glu423Ala,93.1,,,Glu423
299,Phe424Ala,86.1,,,Phe424
300,Ser425Ala,105.1,,,Ser425
301,Glu426Ala,103.2,,,Glu426
302,Ile427Ala,92.3,,,Ile427
303,Lys428Ala,104.5,,,Lys428
304,Glu429Ala,106.3,,,Glu429
305,Thr430Ala,108.8,,,Thr430
306,Trp431Ala,75.7,,,Trp431
307,Val432Ala,92.0,,,Val432
308,Leu433Ala,61.3,,,Leu433
309,Leu433Val,80.2,,,Leu433
310,Leu433His,10.8,61.3,40.1,Leu433
311,Leu434Ala,60.6,,,Leu434
312,Leu434Trp,20.6,49.2,37.7,Leu434
313,Val435Ala,96.5,,,Val435
314,Cys436Ala,85.8,,,Cys436
315,Ile437Ala,57.5,,,Ile437
316,Gly438Ala,98.8,,,Gly438
317,Thr440Ala,111.7,,,Thr440
318,Ser441Ala,50.9,,,Ser441
319,Ser441Thr,81.2,,,Ser441
320,Ser441Pro,1.0,55.3,63.8,Ser441
321,Ser441Leu,0.2,26.0,10.3,Ser441
322,Gly442Ala,90.2,,,Gly442
323,Leu443Ala,93.2,,,Leu443
324,Gly444Ala,97.3,,,Gly444
325,Arg445Ala,0.3,,,Arg445
326,Arg445Ser,5.7,46.2,40.7,Arg445
327,Arg445Lys,70.2,,,Arg445
328,Arg445Leu,0.7,70.9,50.8,Arg445
329,Arg445Cys,4.6,100.2,92.6,Arg445
330,Leu446Ala,63.9,,,Leu446
331,Val447Ala,90.8,,,Val447
332,Ser448Ala,87.9,,,Ser448
333,Gly449Ala,21.3,,,Gly449
334,Gly449Asp,-2.6,,97.7,Gly449
335,His450Ala,112.4,,,His450
336,Ile451Ala,94.9,,,Ile451
337,Ser452Ala,1.6,,,Ser452
338,Asp453Ala,7.0,,,Asp453
339,Asp453Val,6.8,19.5,15.0,Asp453
340,Asp453Glu,7.5,,,Asp453
341,Asp453Asn,6.0,85.5,97.8,Asp453
342,Ser454Ala,91.6,,,Ser454
343,Ile455Ala,73.9,,,Ile455
344,Pro456Ala,75.5,,,Pro456
345,Gly457Ala,75.5,,,Gly457
346,Leu458Ala,77.1,,,Leu458
347,Lys459Ala,83.7,,,Lys459
348,Lys460Ala,34.2,,,Lys460
349,Ile461Ala,81.3,,,Ile461
350,Tyr462Ala,64.4,,,Tyr462
351,Leu463Ala,91.9,,,Leu463
352,Gln464Ala,58.9,,,Gln464
353,Val465Ala,113.0,,,Val465
354,Leu466Ala,98.3,,,Leu466
355,Ser467Ala,102.8,,,Ser467
356,Phe468Ala,97.8,,,Phe468
357,Leu469Ala,94.4,,,Leu469
358,Leu469Pro,18.2,32.1,23.2,Leu469
359,Leu470Ala,96.5,,,Leu470
360,Leu471Ala,74.2,,,Leu471
361,Leu471Pro,-1.1,28.7,22.7,Leu471
362,Leu471Arg,0.3,85.3,74.4,Leu471
363,Gly472Ala,74.5,,,Gly472
364,Leu473Ala,103.1,,,Leu473
365,Met474Ala,101.0,,,Met474
366,Ser475Ala,85.6,,,Ser475
367,Met476Ala,6.0,,,Met476
368,Met476Ile,104.5,,,Met476
369,Met477Ala,95.8,,,Met477
370,Asp483Ala,94.6,,,Asp483
371,Phe484Ala,74.6,,,Phe484
372,Gly485Ala,101.4,,,Gly485
373,Gly486Ala,93.9,,,Gly486
374,Leu487Ala,55.3,,,Leu487
375,Leu487Arg,6.9,,,Leu487
376,Ile488Ala,86.8,,,Ile488
377,Val489Ala,107.9,,,Val489
378,Val489Asp,40.1,,,Val489
379,Val490Ala,86.4,,,Val490
380,Cys491Ala,90.5,,,Cys491
381,Cys491Tyr,8.6,72.0,50.9,Cys491
382,Leu492Ala,103.1,,,Leu492
383,Leu492Pro,18.5,69.4,60.5,Leu492
384,Phe493Ala,97.2,,,Phe493
385,Leu494Ala,68.0,,,Leu494
386,Leu494Pro,0.7,52.3,39.3,Leu494
387,Gly495Ala,5.1,58.0,48.5,Gly495
388,Leu496Ala,91.9,,,Leu496
389,Cys497Ala,85.2,,,Cys497
390,Asp498Ala,-2.7,,,Asp498
391,Asp498Glu,104.0,,,Asp498
392,Asp498Asn,4.8,83.8,106.6,Asp498
393,Gly499Ala,40.9,,,Gly499
394,Gly499Asp,0.2,58.4,35.2,Gly499
395,Phe500Ala,42.9,,,Phe500
396,Phe501Ala,87.5,,,Phe501
397,Ile502Ala,91.4,,,Ile502
398,Thr503Ala,102.5,,,Thr503
399,Ile504Ala,102.8,,,Ile504
400,Met505Ala,67.3,,,Met505
401,Pro507Ala,59.1,,,Pro507
402,Ile508Ala,78.5,,,Ile508
403,Phe510Ala,35.3,,,Phe510
404,Glu511Ala,88.4,,,Glu511
405,Leu512Ala,76.6,,,Leu512
406,Leu512Pro,-0.5,65.2,29.5,Leu512
407,Val513Ala,112.3,,,Val513
408,Gly514Ala,88.6,,,Gly514
409,Pro515Ala,109.1,,,Pro515
410,Met516Ala,89.6,,,Met516
411,Gln517Ala,85.5,,,Gln517
412,Ser519Ala,65.9,,,Ser519
413,Ser519Thr,72.9,,,Ser519
414,Ser519Leu,2.7,68.0,78.5,Ser519
415,Gln520Ala,86.9,,,Gln520
416,Ile522Ala,25.5,,,Ile522
417,Gly523Ala,75.3,,,Gly523
418,Tyr524Ala,93.9,,,Tyr524
419,Leu525Ala,90.4,,,Leu525
420,Leu526Ala,55.6,,,Leu526
421,Gly527Ala,45.3,,,Gly527
422,Gly527Ser,21.9,82.4,58.3,Gly527
423,Met528Ala,90.5,,,Met528
424,Met529Ala,58.1,,,Met529
425,Leu531Ala,81.7,,,Leu531
426,Pro532Ala,31.9,,,Pro532
427,Met533Ala,62.5,,,Met533
428,Ile534Ala,93.7,,,Ile534
429,Gly536Ala,81.7,,,Gly536
430,Gly536Arg,-1.5,54.0,27.2,Gly536
431,Pro537Ala,31.9,,,Pro537
432,Pro537Leu,6.9,41.9,36.4,Pro537
433,Pro538Ala,62.5,,,Pro538
434,Ile539Ala,93.7,,,Ile539
435,Gly541Ala,74.4,,,Gly541
436,Gly541Cys,71.0,86.2,93.7,Gly541
437,Leu542Ala,92.6,,,Leu542
438,Leu543Ala,86.1,,,Leu543
439,Leu543Pro,23.8,66.9,25.0,Leu543
440,Arg544Ala,109.6,,,Arg544
441,Asn545Ala,102.9,,,Asn545
442,Cys546Ala,111.4,,,Cys546
443,Phe547Ala,63.5,,,Phe547
444,Gly548Ala,63.5,,,Gly548
445,Asp549Ala,63.5,,,Asp549
446,Tyr550Ala,84.8,,,Tyr550
447,His551Ala,84.8,,,His551
448,Val552Ala,106.1,,,Val552
449,Ala553Asp,18.1,66.5,34.4,Ala553
450,Ala553Asn,48.2,,,Ala553
451,Phe554Ala,14.5,,,Phe554
452,Tyr555Ala,78.9,,,Tyr555
453,Phe556Ala,98.7,,,Phe556
454,Gly558Ala,86.3,,,Gly558
455,Gly558Asp,5.9,56.4,69.0,Gly558
456,Val559Ala,92.7,,,Val559
457,Pro560Ala,84.8,,,Pro560
458,Pro561Ala,95.3,,,Pro561
459,Ile562Ala,77.1,,,Ile562
460,Ile563Ala,85.7,,,Ile563
461,Gly564Ala,104.3,,,Gly564
462,Gly564Glu,9.1,37.3,27.1,Gly564
463,Gly564Arg,-1.4,14.9,17.5,Gly564
464,Val566Ala,108.6,,,Val566
465,Ile567Ala,87.7,,,Ile567
466,Leu568Ala,89.1,,,Leu568
467,Leu568Pro,11.9,43.4,39.7,Leu568
468,Phe569Ala,104.9,,,Phe569
469,Phe570Ala,91.8,,,Phe570
470,Val571Ala,92.6,,,Val571
471,Pro572Ala,101.0,,,Pro572
472,Leu573Ala,109.8,,,Leu573
473,Met574Ala,109.5,,,Met574
474,His575Ala,109.2,,,His575
475,His575Arg,100.8,,,His575
476,Lys580Ala,106.6,,,Lys580
477,Lys581Ala,104.0,,,Lys581
478,Ser586Ala,108.9,,,Ser586
479,Ser586Asp,94.7,,,Ser586
480,Ser587Ala,113.1,,,Ser587
481,Ser587Asp,110.8,,,Ser587
482,Lys588Ala,101.3,,,Lys588
483,Lys590Ala,101.3,,,Lys590
484,Asn599Ala,99.9,,,Asn599
485,Asn599Ser,108.5,,,Asn599
