,AA_change,ClinSig,Prediction
1,Pro233Ala,1.0,0
7,Pro412Ala,0.0,2
11,Pro532Ala,1.0,0
12,Pro537Ala,1.0,0
32,Gly186Ala,0.0,2
34,Gly196Ala,1.0,0
38,Gly251Ala,1.0,0
41,Gly280Ala,1.0,0
44,Gly303Ala,1.0,0
54,Gly449Ala,1.0,0
59,Gly495Ala,3.0,2
60,Gly499Ala,1.0,0
63,Gly527Ala,1.0,0
79,Phe279Ala,1.0,0
81,Phe287Ala,1.0,0
82,Phe298Ala,3.0,2
98,Phe500Ala,1.0,0
100,Phe510Ala,1.0,0
106,Trp175Ala,1.0,0
109,Trp398Ala,0.0,3
127,Val414Ala,1.0,0
194,Ser452Ala,1.0,0
203,Ile197Ala,1.0,0
217,Ile437Ala,0.0,2
238,His551Ala,0.0,2
240,His192Pro,1.0,0
250,Gly196Glu,3.0,2
252,Gly401Glu,2.0,3
254,Leu198Ala,3.0,2
259,Leu259Ala,0.0,2
263,Leu291Ala,1.0,0
265,Leu302Ala,0.0,3
266,Leu304Ala,1.0,0
270,Leu340Ala,0.0,2
280,Leu416Ala,2.0,3
281,Leu433Ala,0.0,2
282,Leu434Ala,0.0,2
294,Leu494Ala,0.0,2
298,Leu526Ala,0.0,2
304,Tyr199Ala,1.0,0
306,Tyr275Ala,0.0,2
307,Tyr297Ala,1.0,0
308,Tyr354Ala,1.0,0
310,Tyr395Ala,0.0,3
311,Tyr409Ala,0.0,2
312,Tyr413Ala,0.0,2
319,Met225Ala,0.0,3
328,Met476Ala,1.0,0
330,Met505Ala,0.0,3
334,Met533Ala,0.0,3
336,Leu203Pro,1.0,0
337,Leu304Pro,1.0,0
338,Leu469Pro,1.0,0
339,Leu471Pro,3.0,2
341,Leu494Pro,3.0,2
344,Leu568Pro,1.0,0
357,Lys460Ala,1.0,0
364,Arg245Ala,0.0,2
365,Arg271Ala,1.0,0
367,Arg301Ala,1.0,0
378,Arg445Ala,3.0,2
395,Gly295Arg,0.0,3
400,Ala224Val,1.0,0
401,Ala224Thr,1.0,0
408,Val235Met,3.0,2
412,Asp240Ala,0.0,2
429,Gly282Cys,3.0,2
431,Gly541Cys,0.0,3
447,Gly303Ser,1.0,0
448,Gly527Ser,1.0,0
463,Leu433His,2.0,3
464,Leu434Trp,2.0,3
469,Ser519Leu,1.0,0
472,Asp453Glu,1.0,0
