,AA_change,Variant_short,Activity,PolyPhen2_pred,PolyPhen2_prob,SIFT_pred,SIFT_prob
0,Pro169Ala,P95A,95.8, probably damaging,0.998,1,0.0
1,Pro233Ala,P159A,24.7, probably damaging,0.989,1,0.0
2,Pro289Ala,P215A,69.8, possibly damaging,0.597,1,0.0
3,Pro321Ala,P247A,81.1,            benign,0.226,0,1.0
4,Pro356Ala,P282A,73.1, probably damaging,1.0,1,0.04
5,Pro359Ala,P285A,104.9, probably damaging,0.975,0,0.24
6,Pro365Ala,P291A,97.0,            benign,0.002,0,0.82
7,Pro412Ala,P338A,77.9, probably damaging,0.998,1,0.0
8,Pro456Ala,P382A,75.5, possibly damaging,0.792,1,0.0
9,Pro507Ala,P433A,59.1, possibly damaging,0.599,0,0.24
10,Pro515Ala,P441A,109.1,            benign,0.083,0,0.85
11,Pro532Ala,P458A,31.9, probably damaging,0.988,0,1.0
12,Pro537Ala,P463A,31.9, possibly damaging,0.946,1,0.0
13,Pro538Ala,P464A,62.5, probably damaging,0.999,1,0.0
14,Pro560Ala,P486A,84.8, possibly damaging,0.885,0,0.17
15,Pro561Ala,P487A,95.3,            benign,0.392,0,0.73
16,Pro572Ala,P498A,101.0, probably damaging,0.974,0,0.08
17,Glu170Ala,E96A,29.6, probably damaging,0.998,1,0.03
18,Glu204Ala,E130A,92.6,            benign,0.013,0,0.4
19,Glu205Ala,E131A,91.6, possibly damaging,0.571,0,0.11
20,Glu206Ala,E132A,91.6,            benign,0.012,0,0.69
21,Glu208Ala,E134A,98.1,            benign,0.045,0,0.75
22,Glu214Ala,E140A,82.1,            benign,0.014,0,0.99
23,Glu421Ala,E347A,121.2,            benign,0.205,1,0.04
24,Glu422Ala,E348A,101.6,            benign,0.372,1,0.04
25,Glu423Ala,E349A,93.1,            benign,0.004,0,0.82
26,Glu426Ala,E352A,103.2,            benign,0.022,0,0.18
27,Glu429Ala,E355A,106.3,            benign,0.003,0,0.31
28,Glu511Ala,E437A,88.4, possibly damaging,0.885,0,0.57
29,Gly171Ala,G97A,65.6, probably damaging,0.989,1,0.0
30,Gly172Ala,G98A,78.8, probably damaging,0.998,1,0.0
31,Gly174Ala,G100A,86.8, possibly damaging,0.865,1,0.0
32,Gly186Ala,G112A,51.4, possibly damaging,0.885,1,0.0
33,Gly190Ala,G116A,101.3, probably damaging,1.0,0,0.58
34,Gly196Ala,G122A,41.8, probably damaging,0.994,0,1.0
35,Gly221Ala,G147A,88.5, probably damaging,0.998,0,1.0
36,Gly226Ala,G152A,61.3, possibly damaging,0.88,0,1.0
37,Gly243Ala,G169A,35.7, probably damaging,1.0,1,0.0
38,Gly251Ala,G177A,13.1, probably damaging,0.988,1,0.0
39,Gly258Ala,G184A,93.3, possibly damaging,0.935,1,0.0
40,Gly276Ala,G202A,77.8, probably damaging,1.0,1,0.0
41,Gly280Ala,G206A,31.7, probably damaging,0.966,0,0.62
42,Gly282Ala,G208A,69.4, probably damaging,0.998,1,0.0
43,Gly295Ala,G221A,85.8,            benign,0.41,1,0.03
44,Gly303Ala,G229A,23.0,            benign,0.41,0,1.0
45,Gly307Ala,G233A,58.5, probably damaging,0.998,1,0.0
46,Gly312Ala,G238A,86.0, possibly damaging,0.866,1,0.0
47,Gly328Ala,G254A,89.7,            benign,0.034,0,0.79
48,Gly369Ala,G295A,102.5,            benign,0.178,0,0.68
49,Gly401Ala,G327A,93.9,            benign,0.041,0,0.84
50,Gly408Ala,G334A,82.2, probably damaging,0.988,1,0.0
51,Gly438Ala,G364A,98.8, possibly damaging,0.946,1,0.0
52,Gly442Ala,G368A,90.2,            benign,0.118,0,0.79
53,Gly444Ala,G370A,97.3, probably damaging,0.976,0,1.0
54,Gly449Ala,G375A,21.3, probably damaging,1.0,1,0.0
55,Gly457Ala,G383A,75.5,            benign,0.157,1,0.0
56,Gly472Ala,G398A,74.5, probably damaging,0.987,1,0.0
57,Gly485Ala,G411A,101.4,            benign,0.022,0,0.06
58,Gly486Ala,G412A,93.9,            benign,0.091,0,0.75
59,Gly495Ala,G421A,5.1, probably damaging,1.0,1,0.0
60,Gly499Ala,G425A,40.9, probably damaging,0.998,1,0.0
61,Gly514Ala,G440A,88.6, probably damaging,0.995,1,0.0
62,Gly523Ala,G449A,75.3, probably damaging,0.999,1,0.0
63,Gly527Ala,G453A,45.3, possibly damaging,0.877,0,0.68
64,Gly536Ala,G462A,81.7, probably damaging,1.0,1,0.0
65,Gly541Ala,G467A,74.4, probably damaging,1.0,1,0.0
66,Gly548Ala,G474A,63.5, probably damaging,0.988,0,0.14
67,Gly558Ala,G484A,86.3, probably damaging,0.998,1,0.0
68,Gly564Ala,G490A,104.3, possibly damaging,0.938,0,0.16
69,Phe173Ala,F99A,91.4,            benign,0.08,1,0.01
70,Phe179Ala,F105A,83.8,            benign,0.107,0,0.15
71,Phe189Ala,F115A,73.7, probably damaging,0.978,1,0.01
72,Phe215Ala,F141A,82.1,            benign,0.073,0,0.07
73,Phe229Ala,F155A,62.8,            benign,0.26,1,0.01
74,Phe230Ala,F156A,85.5,            benign,0.269,0,1.0
75,Phe238Ala,F164A,96.7,            benign,0.247,0,0.08
76,Phe256Ala,F182A,100.2,            benign,0.032,0,1.0
77,Phe264Ala,F190A,92.6, probably damaging,0.978,1,0.0
78,Phe273Ala,F199A,99.6, possibly damaging,0.83,1,0.02
79,Phe279Ala,F205A,26.3, possibly damaging,0.685,0,0.44
80,Phe285Ala,F211A,101.7, possibly damaging,0.813,1,0.04
81,Phe287Ala,F213A,33.1, possibly damaging,0.837,1,0.01
82,Phe298Ala,F224A,1.9, probably damaging,1.0,1,0.0
83,Phe316Ala,F242A,59.1, possibly damaging,0.707,1,0.0
84,Phe320Ala,F246A,59.0,            benign,0.023,1,0.01
85,Phe322Ala,F248A,75.2,            benign,0.002,0,0.26
86,Phe337Ala,F263A,77.0, possibly damaging,0.913,1,0.03
87,Phe343Ala,F269A,87.7,            benign,0.047,0,0.07
88,Phe345Ala,F271A,112.0,            benign,0.016,1,0.04
89,Phe377Ala,F303A,82.2,            benign,0.0,0,0.59
90,Phe385Ala,F311A,90.2, possibly damaging,0.645,1,0.03
91,Phe390Ala,F316A,101.1, probably damaging,0.998,1,0.03
92,Phe400Ala,F326A,98.9,            benign,0.032,0,0.28
93,Phe410Ala,F336A,64.7, probably damaging,0.997,1,0.0
94,Phe424Ala,F350A,86.1, possibly damaging,0.948,0,1.0
95,Phe468Ala,F394A,97.8, possibly damaging,0.461,1,0.05
96,Phe484Ala,F410A,74.6, probably damaging,0.999,1,0.01
97,Phe493Ala,F419A,97.2,            benign,0.032,0,0.23
98,Phe500Ala,F426A,42.9,            benign,0.008,0,0.16
99,Phe501Ala,F427A,87.5, possibly damaging,0.912,0,0.17
100,Phe510Ala,F436A,35.3, possibly damaging,0.461,1,0.05
101,Phe547Ala,F473A,63.5,            benign,0.334,1,0.05
102,Phe554Ala,F480A,14.5, probably damaging,1.0,1,0.0
103,Phe556Ala,F482A,98.7,            benign,0.174,1,0.01
104,Phe569Ala,F495A,104.9,            benign,0.03,0,0.18
105,Phe570Ala,F496A,91.8,            benign,0.297,0,0.2
106,Trp175Ala,W101A,15.6, probably damaging,1.0,1,0.0
107,Trp183Ala,W109A,86.7,            benign,0.174,0,0.1
108,Trp219Ala,W145A,84.3, probably damaging,0.989,1,0.0
109,Trp398Ala,W324A,88.0, possibly damaging,0.912,1,0.01
110,Trp431Ala,W357A,75.7,            benign,0.032,0,0.57
111,Val176Ala,V102A,86.9,            benign,0.252,0,0.46
112,Val177Ala,V103A,90.1, probably damaging,0.999,1,0.0
113,Val178Ala,V104A,88.8, possibly damaging,0.599,1,0.02
114,Val195Ala,V121A,93.8,            benign,0.001,0,0.15
115,Val213Ala,V139A,105.7,            benign,0.005,0,0.36
116,Val220Ala,V146A,83.7, possibly damaging,0.835,1,0.01
117,Val235Ala,V161A,107.5,            benign,0.041,0,0.79
118,Val254Ala,V180A,99.1, possibly damaging,0.755,0,0.07
119,Val292Ala,V218A,72.0,            benign,0.115,1,0.01
120,Val308Ala,V234A,95.4,            benign,0.132,1,0.02
121,Val309Ala,V235A,62.5,            benign,0.384,0,1.0
122,Val339Ala,V265A,84.7,            benign,0.115,1,0.03
123,Val346Ala,V272A,108.3,            benign,0.006,0,0.68
124,Val370Ala,V296A,102.5,            benign,0.0,0,0.76
125,Val389Ala,V315A,115.3,            benign,0.41,1,0.01
126,Val411Ala,V337A,82.7, possibly damaging,0.576,1,0.0
127,Val414Ala,V340A,42.9, possibly damaging,0.751,1,0.01
128,Val420Ala,V346A,119.8,            benign,0.005,0,0.93
129,Val432Ala,V358A,92.0,            benign,0.425,0,0.14
130,Val435Ala,V361A,96.5,            benign,0.009,0,0.56
131,Val447Ala,V373A,90.8,            benign,0.016,0,0.41
132,Val465Ala,V391A,113.0,            benign,0.392,0,1.0
133,Val489Ala,V415A,107.9,            benign,0.015,0,0.78
134,Val490Ala,V416A,86.4,            benign,0.242,0,0.11
135,Val513Ala,V439A,112.3, probably damaging,0.967,1,0.0
136,Val552Ala,V478A,106.1,            benign,0.044,1,0.04
137,Val559Ala,V485A,92.7,            benign,0.083,0,0.34
138,Val566Ala,V492A,108.6,            benign,0.001,0,0.46
139,Val571Ala,V497A,92.6, probably damaging,0.987,0,0.07
140,Thr182Ala,T108A,117.2,            benign,0.026,0,0.14
141,Thr239Ala,T165A,97.3,            benign,0.107,0,0.19
142,Thr247Ala,T173A,81.2, possibly damaging,0.576,0,0.19
143,Thr249Ala,T175A,110.4,            benign,0.001,0,0.15
144,Thr261Ala,T187A,96.2,            benign,0.0,0,0.83
145,Thr265Ala,T191A,99.6,            benign,0.015,0,0.52
146,Thr274Ala,T200A,87.2, probably damaging,1.0,1,0.0
147,Thr336Ala,T262A,86.0,            benign,0.193,0,1.0
148,Thr342Ala,T268A,95.0,            benign,0.001,0,1.0
149,Thr353Ala,T279A,105.7,            benign,0.115,0,1.0
150,Thr364Ala,T290A,97.0,            benign,0.028,0,0.75
151,Thr394Ala,T320A,99.8,            benign,0.025,0,1.0
152,Thr430Ala,T356A,108.8,            benign,0.004,0,1.0
153,Thr440Ala,T366A,111.7,            benign,0.232,0,0.23
154,Thr503Ala,T429A,102.5,            benign,0.213,0,1.0
155,Cys184Ala,C110A,92.3,            benign,0.065,0,0.16
156,Cys231Ala,C157A,76.4,            benign,0.066,0,0.47
157,Cys281Ala,C207A,107.3,            benign,0.092,0,0.14
158,Cys283Ala,C209A,75.0,            benign,0.006,0,0.08
159,Cys436Ala,C362A,85.8, possibly damaging,0.664,0,0.25
160,Cys491Ala,C417A,90.5,            benign,0.054,1,0.0
161,Cys497Ala,C423A,85.2,            benign,0.032,0,1.0
162,Cys546Ala,C472A,111.4,            benign,0.016,0,1.0
163,Asn185Ala,N111A,95.9, possibly damaging,0.911,0,0.08
164,Asn193Ala,N119A,18.0, probably damaging,0.997,0,0.08
165,Asn210Ala,N136A,95.4,            benign,0.006,0,0.56
166,Asn306Ala,N232A,97.7, probably damaging,0.981,1,0.0
167,Asn386Ala,N312A,90.2, possibly damaging,0.955,1,0.03
168,Asn545Ala,N471A,102.9, possibly damaging,0.52,1,0.01
169,Ser187Ala,S113A,92.3,            benign,0.137,0,0.53
170,Ser194Ala,S120A,77.9,            benign,0.309,0,1.0
171,Ser200Ala,S126A,90.7,            benign,0.03,0,0.37
172,Ser232Ala,S158A,105.5,            benign,0.204,0,1.0
173,Ser236Ala,S162A,108.9,            benign,0.029,1,0.0
174,Ser262Ala,S188A,96.5,            benign,0.417,0,1.0
175,Ser263Ala,S189A,103.0, probably damaging,0.973,1,0.0
176,Ser266Ala,S192A,99.6,            benign,0.066,0,0.14
177,Ser267Ala,S193A,99.6,            benign,0.197,0,0.1
178,Ser269Ala,S195A,58.2,            benign,0.014,0,0.88
179,Ser284Ala,S210A,96.9, possibly damaging,0.725,0,1.0
180,Ser290Ala,S216A,98.0,            benign,0.384,1,0.0
181,Ser310Ala,S236A,99.5,            benign,0.0,0,1.0
182,Ser313Ala,S239A,98.7,            benign,0.403,1,0.0
183,Ser314Ala,S240A,95.2,            benign,0.313,0,0.12
184,Ser317Ala,S243A,77.7,            benign,0.153,0,0.27
185,Ser319Ala,S245A,98.3,            benign,0.002,0,0.86
186,Ser341Ala,S267A,97.9,            benign,0.114,0,1.0
187,Ser351Ala,S277A,101.2,            benign,0.015,0,0.48
188,Ser360Ala,S286A,113.5,            benign,0.012,0,0.13
189,Ser361Ala,S287A,104.9,            benign,0.016,0,0.85
190,Ser366Ala,S292A,108.3,            benign,0.0,0,0.88
191,Ser425Ala,S351A,105.1,            benign,0.001,0,0.89
192,Ser441Ala,S367A,50.9, possibly damaging,0.946,0,0.09
193,Ser448Ala,S374A,87.9,            benign,0.118,0,1.0
194,Ser452Ala,S378A,1.6,            benign,0.02,0,1.0
195,Ser454Ala,S380A,91.6, possibly damaging,0.768,0,0.32
196,Ser467Ala,S393A,102.8,            benign,0.018,0,0.96
197,Ser475Ala,S401A,85.6,            benign,0.051,0,0.09
198,Ser519Ala,S445A,65.9,            benign,0.169,0,0.27
199,Ser586Ala,S512A,108.9,            benign,0.052,0,0.71
200,Ser587Ala,S513A,113.1,            benign,0.094,0,1.0
201,Ile188Ala,I114A,29.6, possibly damaging,0.461,0,0.5
202,Ile191Ala,I117A,48.3, probably damaging,0.99,0,0.07
203,Ile197Ala,I123A,49.1, possibly damaging,0.911,1,0.01
204,Ile228Ala,I154A,86.9,            benign,0.017,1,0.02
205,Ile234Ala,I160A,98.9, probably damaging,0.959,1,0.02
206,Ile237Ala,I163A,104.6,            benign,0.006,1,0.01
207,Ile246Ala,I172A,96.1,            benign,0.047,0,0.2
208,Ile257Ala,I183A,98.7,            benign,0.029,0,0.43
209,Ile277Ala,I203A,85.1, possibly damaging,0.681,1,0.01
210,Ile293Ala,I219A,75.1, possibly damaging,0.479,1,0.03
211,Ile315Ala,I241A,80.0,            benign,0.029,1,0.01
212,Ile324Ala,I250A,61.7,            benign,0.066,0,0.12
213,Ile331Ala,I257A,73.5, possibly damaging,0.717,0,0.11
214,Ile397Ala,I323A,95.4, possibly damaging,0.479,1,0.01
215,Ile402Ala,I328A,72.3,            benign,0.29,0,0.77
216,Ile427Ala,I353A,92.3,            benign,0.016,0,0.39
217,Ile437Ala,I363A,57.5, probably damaging,0.981,1,0.01
218,Ile451Ala,I377A,94.9,            benign,0.173,1,0.01
219,Ile455Ala,I381A,73.9,            benign,0.198,1,0.04
220,Ile461Ala,I387A,81.3, possibly damaging,0.845,1,0.01
221,Ile488Ala,I414A,86.8,            benign,0.078,1,0.01
222,Ile502Ala,I428A,91.4,            benign,0.029,0,0.9
223,Ile504Ala,I430A,102.8,            benign,0.174,1,0.02
224,Ile508Ala,I434A,78.5, possibly damaging,0.638,1,0.01
225,Ile522Ala,I448A,25.5, probably damaging,0.99,1,0.01
226,Ile534Ala,I460A,93.7,            benign,0.006,0,0.1
227,Ile539Ala,I465A,93.7, possibly damaging,0.956,0,0.23
228,Ile562Ala,I488A,77.1, possibly damaging,0.638,0,0.12
229,Ile563Ala,I489A,85.7,            benign,0.017,0,0.06
230,Ile567Ala,I493A,87.7,            benign,0.297,1,0.02
231,Ile188Leu,I114L,94.0,            benign,0.213,0,0.31
232,Ile188Asn,I114N,-0.4, possibly damaging,0.774,1,0.05
233,His192Ala,H118A,58.5,            benign,0.01,0,0.38
234,His260Ala,H186A,100.7,            benign,0.003,0,0.49
235,His296Ala,H222A,88.2, possibly damaging,0.685,0,0.35
236,His415Ala,H341A,62.3, probably damaging,0.998,0,0.17
237,His450Ala,H376A,112.4,            benign,0.001,0,0.54
238,His551Ala,H477A,84.8,            benign,0.319,0,0.31
239,His575Ala,H501A,109.2,            benign,0.174,0,0.6
240,His192Pro,H118P,3.7, possibly damaging,0.586,0,0.77
241,His192Phe,H118F,79.1,            benign,0.052,0,0.1
242,His192Gln,H118Q,82.7,            benign,0.0,0,0.83
243,His192Arg,H118R,0.5,            benign,0.091,0,0.77
244,His575Arg,H501R,100.8,            benign,0.05,0,0.68
245,Asn193Ile,N119I,4.9, possibly damaging,0.949,1,0.02
246,Ser194Phe,S120F,7.6, probably damaging,1.0,1,0.0
247,Ser232Phe,S158F,0.9, probably damaging,0.994,1,0.04
248,Ser290Phe,S216F,9.9, probably damaging,1.0,1,0.0
249,Gly196Val,G122V,-0.4, probably damaging,1.0,0,0.16
250,Gly196Glu,G122E,-2.3, probably damaging,1.0,0,0.16
251,Gly251Glu,G177E,0.2, probably damaging,1.0,1,0.0
252,Gly401Glu,G327E,25.0, probably damaging,0.983,1,0.05
253,Gly564Glu,G490E,9.1, probably damaging,1.0,1,0.03
254,Leu198Ala,L124A,9.2, possibly damaging,0.895,1,0.05
255,Leu202Ala,L128A,64.7, probably damaging,0.995,1,0.01
256,Leu203Ala,L129A,58.5, possibly damaging,0.688,1,0.02
257,Leu223Ala,L149A,77.8, possibly damaging,0.942,1,0.02
258,Leu242Ala,L168A,89.3,            benign,0.066,1,0.01
259,Leu259Ala,L185A,64.0, possibly damaging,0.584,1,0.02
260,Leu268Ala,L194A,58.2, probably damaging,0.994,1,0.02
261,Leu270Ala,L196A,102.7,            benign,0.002,0,0.3
262,Leu278Ala,L204A,93.4, possibly damaging,0.681,1,0.02
263,Leu291Ala,L217A,43.5, possibly damaging,0.83,1,0.0
264,Leu294Ala,L220A,61.5, possibly damaging,0.949,1,0.0
265,Leu302Ala,L228A,74.4, probably damaging,0.998,0,0.19
266,Leu304Ala,L230A,4.2, possibly damaging,0.949,1,0.01
267,Leu323Ala,L249A,76.5, possibly damaging,0.513,1,0.01
268,Leu327Ala,L253A,92.3, possibly damaging,0.692,1,0.0
269,Leu333Ala,L259A,87.7, probably damaging,0.98,0,0.24
270,Leu340Ala,L266A,51.8, probably damaging,0.962,1,0.02
271,Leu347Ala,L273A,92.3,            benign,0.168,0,0.11
272,Leu349Ala,L275A,116.3,            benign,0.137,0,0.46
273,Leu350Ala,L276A,98.7,            benign,0.056,0,1.0
274,Leu352Ala,L278A,107.0,            benign,0.313,0,1.0
275,Leu357Ala,L283A,73.1, possibly damaging,0.685,0,0.1
276,Leu358Ala,L284A,73.1,            benign,0.092,0,0.95
277,Leu378Ala,L304A,82.2,            benign,0.003,0,0.86
278,Leu381Ala,L307A,87.6,            benign,0.017,0,1.0
279,Leu407Ala,L333A,88.5, possibly damaging,0.83,1,0.03
280,Leu416Ala,L342A,40.1, probably damaging,0.999,1,0.02
281,Leu433Ala,L359A,61.3, probably damaging,0.996,1,0.01
282,Leu434Ala,L360A,60.6, possibly damaging,0.916,1,0.01
283,Leu443Ala,L369A,93.2,            benign,0.059,0,0.09
284,Leu446Ala,L372A,63.9, possibly damaging,0.824,0,0.22
285,Leu458Ala,L384A,77.1, possibly damaging,0.461,1,0.03
286,Leu463Ala,L389A,91.9, probably damaging,0.989,1,0.0
287,Leu466Ala,L392A,98.3,            benign,0.003,0,0.07
288,Leu469Ala,L395A,94.4, possibly damaging,0.895,1,0.04
289,Leu470Ala,L396A,96.5,            benign,0.227,0,0.43
290,Leu471Ala,L397A,74.2,            benign,0.297,0,0.13
291,Leu473Ala,L399A,103.1, possibly damaging,0.487,0,0.06
292,Leu487Ala,L413A,55.3, probably damaging,0.998,1,0.0
293,Leu492Ala,L418A,103.1, possibly damaging,0.681,1,0.03
294,Leu494Ala,L420A,68.0, possibly damaging,0.955,1,0.05
295,Leu496Ala,L422A,91.9, possibly damaging,0.954,1,0.01
296,Leu512Ala,L438A,76.6, possibly damaging,0.817,0,0.28
297,Leu525Ala,L451A,90.4, possibly damaging,0.911,1,0.04
298,Leu526Ala,L452A,55.6, probably damaging,0.961,1,0.0
299,Leu531Ala,L457A,81.7, possibly damaging,0.834,0,0.17
300,Leu542Ala,L468A,92.6, possibly damaging,0.495,0,0.23
301,Leu543Ala,L469A,86.1, probably damaging,0.998,1,0.0
302,Leu568Ala,L494A,89.1, probably damaging,1.0,1,0.0
303,Leu573Ala,L499A,109.8,            benign,0.334,0,0.23
304,Tyr199Ala,Y125A,16.3, probably damaging,0.99,1,0.0
305,Tyr272Ala,Y198A,75.8, probably damaging,0.997,1,0.0
306,Tyr275Ala,Y201A,59.6, probably damaging,0.999,0,1.0
307,Tyr297Ala,Y223A,3.8, probably damaging,1.0,1,0.0
308,Tyr354Ala,Y280A,7.5, probably damaging,0.998,0,0.38
309,Tyr384Ala,Y310A,90.2,            benign,0.045,1,0.04
310,Tyr395Ala,Y321A,75.8, probably damaging,0.962,1,0.01
311,Tyr409Ala,Y335A,59.3, possibly damaging,0.83,0,0.06
312,Tyr413Ala,Y339A,65.4, possibly damaging,0.907,0,1.0
313,Tyr419Ala,Y345A,100.4,            benign,0.141,1,0.05
314,Tyr462Ala,Y388A,64.4, possibly damaging,0.834,1,0.0
315,Tyr524Ala,Y450A,93.9, possibly damaging,0.52,1,0.04
316,Tyr550Ala,Y476A,84.8, probably damaging,1.0,1,0.0
317,Tyr555Ala,Y481A,78.9, probably damaging,0.981,1,0.03
318,Met201Ala,M127A,76.8,            benign,0.006,0,0.95
319,Met225Ala,M151A,51.4,            benign,0.003,1,0.01
320,Met227Ala,M153A,97.8,            benign,0.429,1,0.0
321,Met318Ala,M244A,78.9,            benign,0.001,0,0.57
322,Met326Ala,M252A,94.9,            benign,0.0,0,0.72
323,Met344Ala,M270A,86.2,            benign,0.092,0,0.14
324,Met348Ala,M274A,108.3,            benign,0.0,0,0.59
325,Met387Ala,M313A,107.8,            benign,0.008,0,0.06
326,Met417Ala,M343A,83.1,            benign,0.006,0,0.09
327,Met474Ala,M400A,101.0,            benign,0.065,0,0.34
328,Met476Ala,M402A,6.0,            benign,0.092,1,0.02
329,Met477Ala,M403A,95.8,            benign,0.032,0,0.75
330,Met505Ala,M431A,67.3, possibly damaging,0.664,0,0.31
331,Met516Ala,M442A,89.6,            benign,0.032,0,0.38
332,Met528Ala,M454A,90.5,            benign,0.016,0,0.23
333,Met529Ala,M455A,58.1,            benign,0.334,0,0.3
334,Met533Ala,M459A,62.5, possibly damaging,0.664,0,0.09
335,Met574Ala,M500A,109.5,            benign,0.006,0,0.09
336,Leu203Pro,L129P,4.0, probably damaging,0.997,1,0.01
337,Leu304Pro,L230P,0.9, probably damaging,1.0,1,0.0
338,Leu469Pro,L395P,18.2, possibly damaging,0.526,1,0.02
339,Leu471Pro,L397P,-1.1, probably damaging,0.994,1,0.04
340,Leu492Pro,L418P,18.5, probably damaging,0.997,1,0.01
341,Leu494Pro,L420P,0.7, probably damaging,0.994,1,0.02
342,Leu512Pro,L438P,-0.5, probably damaging,0.999,1,0.04
343,Leu543Pro,L469P,23.8, probably damaging,1.0,1,0.0
344,Leu568Pro,L494P,11.9, probably damaging,0.995,1,0.0
345,Leu203Ile,L129I,82.6, possibly damaging,0.624,0,0.33
346,Leu291Ile,L217I,107.5, possibly damaging,0.616,1,0.0
347,Leu304Ile,L230I,80.5, possibly damaging,0.949,0,0.1
348,Lys207Ala,K133A,98.1,            benign,0.004,0,0.47
349,Lys209Ala,K135A,95.4,            benign,0.006,0,0.27
350,Lys330Ala,K256A,73.5,            benign,0.017,0,0.48
351,Lys332Ala,K258A,73.5,            benign,0.1,0,0.28
352,Lys367Ala,K293A,83.3,            benign,0.393,0,0.72
353,Lys383Ala,K309A,100.5,            benign,0.066,1,0.03
354,Lys418Ala,K344A,83.1, possibly damaging,0.458,0,0.23
355,Lys428Ala,K354A,104.5,            benign,0.065,0,0.58
356,Lys459Ala,K385A,83.7,            benign,0.094,0,0.47
357,Lys460Ala,K386A,34.2,            benign,0.297,0,0.11
358,Lys580Ala,K506A,106.6,            benign,0.035,0,0.24
359,Lys581Ala,K507A,104.0,            benign,0.068,1,0.04
360,Lys588Ala,K514A,101.3, possibly damaging,0.537,0,0.37
361,Lys590Ala,K516A,101.3,            benign,0.101,1,0.0
362,Arg211Ala,R137A,105.7,            benign,0.006,0,0.79
363,Arg241Ala,R167A,85.2, possibly damaging,0.458,0,0.21
364,Arg245Ala,R171A,103.4, probably damaging,1.0,1,0.0
365,Arg271Ala,R197A,43.4,            benign,0.045,1,0.05
366,Arg300Ala,R226A,92.4, probably damaging,0.959,1,0.02
367,Arg301Ala,R227A,28.1, probably damaging,0.997,1,0.0
368,Arg325Ala,R251A,91.9,            benign,0.025,0,0.51
369,Arg355Ala,R281A,73.1, possibly damaging,0.486,1,0.02
370,Arg368Ala,R294A,102.5,            benign,0.002,0,0.76
371,Arg371Ala,R297A,102.5,            benign,0.001,0,0.67
372,Arg376Ala,R302A,82.2,            benign,0.012,0,0.32
373,Arg382Ala,R308A,87.6,            benign,0.18,1,0.05
374,Arg388Ala,R314A,98.7,            benign,0.015,0,1.0
375,Arg391Ala,R317A,106.2,            benign,0.269,0,0.11
376,Arg393Ala,R319A,100.3, possibly damaging,0.682,0,0.41
377,Arg396Ala,R322A,88.5,            benign,0.092,0,0.41
378,Arg445Ala,R371A,0.3, probably damaging,0.994,1,0.0
379,Arg544Ala,R470A,109.6,            benign,0.012,0,0.57
380,Gln212Ala,Q138A,105.7,            benign,0.006,0,0.76
381,Gln216Ala,Q142A,82.1,            benign,0.0,0,0.29
382,Gln288Ala,Q214A,57.8,            benign,0.193,1,0.0
383,Gln299Ala,Q225A,81.4,            benign,0.1,0,0.41
384,Gln335Ala,Q261A,86.0,            benign,0.003,0,0.51
385,Gln338Ala,Q264A,96.1,            benign,0.429,0,0.2
386,Gln362Ala,Q288A,104.9,            benign,0.004,0,0.7
387,Gln380Ala,Q306A,87.6,            benign,0.003,0,0.47
388,Gln392Ala,Q318A,108.8,            benign,0.003,0,0.31
389,Gln464Ala,Q390A,58.9, possibly damaging,0.901,0,0.35
390,Gln517Ala,Q443A,85.5, possibly damaging,0.915,0,0.34
391,Gln520Ala,Q446A,86.9, possibly damaging,0.461,0,0.22
392,Gln212Glu,Q138E,112.1,            benign,0.004,0,0.87
393,Gly221Arg,G147R,0.8, probably damaging,0.996,0,0.11
394,Gly276Arg,G202R,1.6, probably damaging,1.0,1,0.0
395,Gly295Arg,G221R,55.0, possibly damaging,0.899,1,0.02
396,Gly312Arg,G238R,0.2, probably damaging,1.0,1,0.0
397,Gly401Arg,G327R,2.5, probably damaging,0.999,1,0.04
398,Gly536Arg,G462R,-1.5, probably damaging,1.0,1,0.0
399,Gly564Arg,G490R,-1.4, probably damaging,1.0,1,0.02
400,Ala224Val,A150V,2.7, possibly damaging,0.673,0,0.46
401,Ala224Thr,A150T,9.6,            benign,0.157,0,0.32
402,Ala286Thr,A212T,107.3, possibly damaging,0.9,0,0.38
403,Ala224Ser,A150S,94.8,            benign,0.001,0,0.36
404,Ala252Ser,A178S,99.6,            benign,0.022,0,0.08
405,Ala286Ser,A212S,112.0, possibly damaging,0.638,0,0.71
406,Ala224Glu,A150E,4.5, possibly damaging,0.62,0,0.15
407,Met227Arg,M153R,-0.5, possibly damaging,0.907,1,0.0
408,Val235Met,V161M,3.0, probably damaging,0.994,0,0.09
409,Val235Ile,V161I,50.7, possibly damaging,0.685,0,0.37
410,Val346Ile,V272I,111.6,            benign,0.0,0,0.64
411,Thr239Pro,T165P,9.9, probably damaging,0.985,1,0.05
412,Asp240Ala,D166A,88.7,            benign,0.218,0,0.08
413,Asp329Ala,D255A,73.5,            benign,0.0,0,0.2
414,Asp363Ala,D289A,97.0,            benign,0.197,0,0.36
415,Asp453Ala,D379A,7.0, probably damaging,0.999,1,0.0
416,Asp483Ala,D409A,94.6,            benign,0.0,0,0.82
417,Asp498Ala,D424A,-2.7, probably damaging,0.989,0,0.32
418,Asp549Ala,D475A,63.5,            benign,0.027,0,0.78
419,Ala252Pro,A178P,4.9, probably damaging,0.967,1,0.04
420,Arg271Ser,R197S,36.0, possibly damaging,0.695,1,0.02
421,Arg445Ser,R371S,5.7, possibly damaging,0.927,1,0.0
422,Arg271Lys,R197K,103.2,            benign,0.037,1,0.02
423,Arg300Lys,R226K,90.3,            benign,0.042,0,1.0
424,Arg301Lys,R227K,80.5, possibly damaging,0.662,1,0.0
425,Arg445Lys,R371K,70.2, possibly damaging,0.783,1,0.0
426,Arg271Leu,R197L,107.8,            benign,0.01,0,1.0
427,Arg445Leu,R371L,0.7, probably damaging,0.999,1,0.0
428,Arg271His,R197H,11.4, probably damaging,0.996,1,0.01
429,Gly282Cys,G208C,5.9, probably damaging,1.0,1,0.0
430,Gly307Cys,G233C,13.2, probably damaging,1.0,1,0.0
431,Gly541Cys,G467C,71.0, probably damaging,1.0,1,0.0
432,Gly282Asp,G208D,-1.1, probably damaging,1.0,1,0.0
433,Gly449Asp,G375D,-2.6, probably damaging,1.0,1,0.0
434,Gly499Asp,G425D,0.2, probably damaging,1.0,1,0.0
435,Gly558Asp,G484D,5.9, probably damaging,1.0,1,0.0
436,Cys283Tyr,C209Y,-0.9,            benign,0.445,1,0.03
437,Cys491Tyr,C417Y,8.6, probably damaging,0.983,1,0.0
438,Pro289Leu,P215L,0.4, probably damaging,0.993,1,0.0
439,Pro321Leu,P247L,5.5, probably damaging,0.984,0,0.13
440,Pro537Leu,P463L,6.9, probably damaging,0.997,1,0.0
441,Leu291Arg,L217R,7.3, probably damaging,0.997,1,0.0
442,Leu349Arg,L275R,-1.6, possibly damaging,0.956,1,0.05
443,Leu357Arg,L283R,102.0,            benign,0.417,0,0.3
444,Leu471Arg,L397R,0.3, probably damaging,0.994,1,0.05
445,Leu487Arg,L413R,6.9, probably damaging,1.0,1,0.0
446,Gly295Ser,G221S,62.8, possibly damaging,0.786,0,0.06
447,Gly303Ser,G229S,34.8,            benign,0.226,0,0.55
448,Gly527Ser,G453S,21.9, probably damaging,0.975,0,0.36
449,Tyr297Phe,Y223F,88.9, probably damaging,0.998,1,0.0
450,Tyr354Phe,Y280F,99.1,            benign,0.082,0,0.72
451,Phe298Tyr,F224Y,108.6, probably damaging,1.0,1,0.0
452,Phe298Leu,F224L,1.0, probably damaging,1.0,1,0.0
453,Asn306Phe,N232F,93.7, probably damaging,0.997,1,0.0
454,Ser313Arg,S239R,3.1, probably damaging,0.996,1,0.0
455,Tyr354Cys,Y280C,-0.4, probably damaging,1.0,0,0.1
456,Ser360Asp,S286D,106.4,            benign,0.029,0,0.1
457,Ser366Asp,S292D,109.4,            benign,0.0,0,0.46
458,Ser586Asp,S512D,94.7, possibly damaging,0.537,0,0.4
459,Ser587Asp,S513D,110.8,            benign,0.198,0,0.12
460,Arg388Gln,R314Q,102.6,            benign,0.322,0,0.29
461,Trp398Arg,W324R,0.7, probably damaging,0.999,1,0.0
462,Leu433Val,L359V,80.2, probably damaging,0.965,0,0.11
463,Leu433His,L359H,10.8, probably damaging,1.0,1,0.0
464,Leu434Trp,L360W,20.6, probably damaging,0.999,1,0.01
465,Ser441Thr,S367T,81.2, probably damaging,0.976,0,0.1
466,Ser519Thr,S445T,72.9, possibly damaging,0.592,0,0.18
467,Ser441Pro,S367P,1.0, probably damaging,0.965,1,0.05
468,Ser441Leu,S367L,0.2, probably damaging,0.999,1,0.02
469,Ser519Leu,S445L,2.7, probably damaging,0.974,1,0.04
470,Arg445Cys,R371C,4.6, probably damaging,0.988,1,0.0
471,Asp453Val,D379V,6.8, probably damaging,0.999,1,0.0
472,Asp453Glu,D379E,7.5, probably damaging,0.99,1,0.0
473,Asp498Glu,D424E,104.0, possibly damaging,0.944,0,0.6
474,Asp453Asn,D379N,6.0, probably damaging,0.99,1,0.0
475,Asp498Asn,D424N,4.8, probably damaging,0.995,0,0.99
476,Met476Ile,M402I,104.5,            benign,0.025,0,0.21
477,Val489Asp,V415D,40.1, probably damaging,0.994,1,0.01
478,Ala553Asp,A479D,18.1, probably damaging,0.998,1,0.02
479,Ala553Asn,A479N,48.2, probably damaging,0.998,1,0.03
